{
    "logs": [
        {
            "outputFile": "/home/mad_titan/AndroidStudioProjects/TextToSpeech2/app/build/intermediates/incremental/mergeDebugResources/merged.dir/values-large-v4/values-large-v4.xml",
            "map": [
                {
                    "source": "/home/mad_titan/.gradle/caches/transforms-2/files-2.1/f21c14963452d678dcd87c70dcfed88a/res/values-large-v4/values-large-v4.xml",
                    "from": {
                        "startLines": "2,3,4,5,6,7,8,9,10",
                        "startColumns": "4,4,4,4,4,4,4,4,4",
                        "startOffsets": "55,114,185,256,326,396,464,532,636",
                        "endColumns": "58,70,70,69,69,67,67,103,115",
                        "endOffsets": "109,180,251,321,391,459,527,631,747"
                    }
                }
            ]
        }
    ]
}