{
    "logs": [
        {
            "outputFile": "/home/mad_titan/AndroidStudioProjects/TextToSpeech2/app/build/intermediates/incremental/mergeDebugResources/merged.dir/values-hr/values-hr.xml",
            "map": [
                {
                    "source": "/home/mad_titan/.gradle/caches/transforms-2/files-2.1/f21c14963452d678dcd87c70dcfed88a/res/values-hr/values-hr.xml",
                    "from": {
                        "startLines": "2,3,4,5,6,7,8,9,10,11,12,13,14,15,16,17,18,19,20,21,22,23,24,25,26,27,28,29",
                        "startColumns": "4,4,4,4,4,4,4,4,4,4,4,4,4,4,4,4,4,4,4,4,4,4,4,4,4,4,4,4",
                        "startOffsets": "105,210,307,417,503,607,726,810,893,984,1077,1173,1267,1368,1461,1556,1655,1746,1837,1923,2027,2140,2246,2351,2464,2571,2740,2837",
                        "endColumns": "104,96,109,85,103,118,83,82,90,92,95,93,100,92,94,98,90,90,85,103,112,105,104,112,106,168,96,88",
                        "endOffsets": "205,302,412,498,602,721,805,888,979,1072,1168,1262,1363,1456,1551,1650,1741,1832,1918,2022,2135,2241,2346,2459,2566,2735,2832,2921"
                    }
                },
                {
                    "source": "/home/mad_titan/.gradle/caches/transforms-2/files-2.1/52578abddc7ad31f0967d589d0a2e12b/res/values-hr/values-hr.xml",
                    "from": {
                        "startLines": "2",
                        "startColumns": "4",
                        "startOffsets": "55",
                        "endColumns": "100",
                        "endOffsets": "151"
                    },
                    "to": {
                        "startLines": "30",
                        "startColumns": "4",
                        "startOffsets": "2926",
                        "endColumns": "100",
                        "endOffsets": "3022"
                    }
                }
            ]
        }
    ]
}