{
    "logs": [
        {
            "outputFile": "/home/mad_titan/AndroidStudioProjects/TextToSpeech2/app/build/intermediates/incremental/mergeDebugResources/merged.dir/values-hi/values-hi.xml",
            "map": [
                {
                    "source": "/home/mad_titan/.gradle/caches/transforms-2/files-2.1/52578abddc7ad31f0967d589d0a2e12b/res/values-hi/values-hi.xml",
                    "from": {
                        "startLines": "2",
                        "startColumns": "4",
                        "startOffsets": "55",
                        "endColumns": "100",
                        "endOffsets": "151"
                    },
                    "to": {
                        "startLines": "30",
                        "startColumns": "4",
                        "startOffsets": "2892",
                        "endColumns": "100",
                        "endOffsets": "2988"
                    }
                },
                {
                    "source": "/home/mad_titan/.gradle/caches/transforms-2/files-2.1/f21c14963452d678dcd87c70dcfed88a/res/values-hi/values-hi.xml",
                    "from": {
                        "startLines": "2,3,4,5,6,7,8,9,10,11,12,13,14,15,16,17,18,19,20,21,22,23,24,25,26,27,28,29",
                        "startColumns": "4,4,4,4,4,4,4,4,4,4,4,4,4,4,4,4,4,4,4,4,4,4,4,4,4,4,4,4",
                        "startOffsets": "105,211,308,418,504,606,728,805,883,974,1067,1163,1257,1358,1451,1546,1640,1731,1822,1912,2021,2124,2226,2336,2437,2549,2711,2812",
                        "endColumns": "105,96,109,85,101,121,76,77,90,92,95,93,100,92,94,93,90,90,89,108,102,101,109,100,111,161,100,79",
                        "endOffsets": "206,303,413,499,601,723,800,878,969,1062,1158,1252,1353,1446,1541,1635,1726,1817,1907,2016,2119,2221,2331,2432,2544,2706,2807,2887"
                    }
                }
            ]
        }
    ]
}