{
    "logs": [
        {
            "outputFile": "/home/mad_titan/AndroidStudioProjects/TextToSpeech2/app/build/intermediates/incremental/mergeDebugResources/merged.dir/values-v28/values-v28.xml",
            "map": [
                {
                    "source": "/home/mad_titan/.gradle/caches/transforms-2/files-2.1/f21c14963452d678dcd87c70dcfed88a/res/values-v28/values-v28.xml",
                    "from": {
                        "startLines": "2,3,4,8",
                        "startColumns": "4,4,4,4",
                        "startOffsets": "55,130,217,447",
                        "endLines": "2,3,7,11",
                        "endColumns": "74,86,12,12",
                        "endOffsets": "125,212,442,684"
                    }
                }
            ]
        }
    ]
}