{
    "logs": [
        {
            "outputFile": "/home/mad_titan/AndroidStudioProjects/TextToSpeech2/app/build/intermediates/incremental/mergeDebugResources/merged.dir/values-cs/values-cs.xml",
            "map": [
                {
                    "source": "/home/mad_titan/.gradle/caches/transforms-2/files-2.1/f21c14963452d678dcd87c70dcfed88a/res/values-cs/values-cs.xml",
                    "from": {
                        "startLines": "2,3,4,5,6,7,8,9,10,11,12,13,14,15,16,17,18,19,20,21,22,23,24,25,26,27,28,29",
                        "startColumns": "4,4,4,4,4,4,4,4,4,4,4,4,4,4,4,4,4,4,4,4,4,4,4,4,4,4,4,4",
                        "startOffsets": "105,212,314,423,509,614,731,812,893,984,1077,1173,1267,1362,1455,1550,1647,1738,1829,1913,2017,2126,2225,2331,2441,2548,2711,2809",
                        "endColumns": "106,101,108,85,104,116,80,80,90,92,95,93,94,92,94,96,90,90,83,103,108,98,105,109,106,162,97,81",
                        "endOffsets": "207,309,418,504,609,726,807,888,979,1072,1168,1262,1357,1450,1545,1642,1733,1824,1908,2012,2121,2220,2326,2436,2543,2706,2804,2886"
                    }
                },
                {
                    "source": "/home/mad_titan/.gradle/caches/transforms-2/files-2.1/52578abddc7ad31f0967d589d0a2e12b/res/values-cs/values-cs.xml",
                    "from": {
                        "startLines": "2",
                        "startColumns": "4",
                        "startOffsets": "55",
                        "endColumns": "100",
                        "endOffsets": "151"
                    },
                    "to": {
                        "startLines": "30",
                        "startColumns": "4",
                        "startOffsets": "2891",
                        "endColumns": "100",
                        "endOffsets": "2987"
                    }
                }
            ]
        }
    ]
}