{
    "logs": [
        {
            "outputFile": "/home/mad_titan/AndroidStudioProjects/TextToSpeech2/app/build/intermediates/incremental/mergeDebugResources/merged.dir/values-sw/values-sw.xml",
            "map": [
                {
                    "source": "/home/mad_titan/.gradle/caches/transforms-2/files-2.1/52578abddc7ad31f0967d589d0a2e12b/res/values-sw/values-sw.xml",
                    "from": {
                        "startLines": "2",
                        "startColumns": "4",
                        "startOffsets": "55",
                        "endColumns": "100",
                        "endOffsets": "151"
                    },
                    "to": {
                        "startLines": "30",
                        "startColumns": "4",
                        "startOffsets": "2883",
                        "endColumns": "100",
                        "endOffsets": "2979"
                    }
                },
                {
                    "source": "/home/mad_titan/.gradle/caches/transforms-2/files-2.1/f21c14963452d678dcd87c70dcfed88a/res/values-sw/values-sw.xml",
                    "from": {
                        "startLines": "2,3,4,5,6,7,8,9,10,11,12,13,14,15,16,17,18,19,20,21,22,23,24,25,26,27,28,29",
                        "startColumns": "4,4,4,4,4,4,4,4,4,4,4,4,4,4,4,4,4,4,4,4,4,4,4,4,4,4,4,4",
                        "startOffsets": "105,208,306,414,504,609,726,808,891,982,1075,1169,1263,1364,1457,1552,1647,1738,1830,1912,2013,2122,2221,2328,2437,2542,2704,2801",
                        "endColumns": "102,97,107,89,104,116,81,82,90,92,93,93,100,92,94,94,90,91,81,100,108,98,106,108,104,161,96,81",
                        "endOffsets": "203,301,409,499,604,721,803,886,977,1070,1164,1258,1359,1452,1547,1642,1733,1825,1907,2008,2117,2216,2323,2432,2537,2699,2796,2878"
                    }
                }
            ]
        }
    ]
}