{
    "logs": [
        {
            "outputFile": "/home/mad_titan/AndroidStudioProjects/TextToSpeech2/app/build/intermediates/incremental/mergeDebugResources/merged.dir/values-sw600dp-v13/values-sw600dp-v13.xml",
            "map": [
                {
                    "source": "/home/mad_titan/.gradle/caches/transforms-2/files-2.1/f21c14963452d678dcd87c70dcfed88a/res/values-sw600dp-v13/values-sw600dp-v13.xml",
                    "from": {
                        "startLines": "2,3,4,5,6,7,8,9",
                        "startColumns": "4,4,4,4,4,4,4,4",
                        "startOffsets": "55,124,193,263,337,413,472,543",
                        "endColumns": "68,68,69,73,75,58,70,67",
                        "endOffsets": "119,188,258,332,408,467,538,606"
                    }
                }
            ]
        }
    ]
}