{
    "logs": [
        {
            "outputFile": "/home/mad_titan/AndroidStudioProjects/TextToSpeech2/app/build/intermediates/incremental/mergeDebugResources/merged.dir/values-my/values-my.xml",
            "map": [
                {
                    "source": "/home/mad_titan/.gradle/caches/transforms-2/files-2.1/f21c14963452d678dcd87c70dcfed88a/res/values-my/values-my.xml",
                    "from": {
                        "startLines": "2,3,4,5,6,7,8,9,10,11,12,13,14,15,16,17,18,19,20,21,22,23,24,25,26,27,28,29",
                        "startColumns": "4,4,4,4,4,4,4,4,4,4,4,4,4,4,4,4,4,4,4,4,4,4,4,4,4,4,4,4",
                        "startOffsets": "105,214,319,436,529,641,769,847,926,1017,1110,1206,1300,1401,1494,1589,1683,1774,1865,1951,2074,2186,2288,2414,2525,2635,2795,2895",
                        "endColumns": "108,104,116,92,111,127,77,78,90,92,95,93,100,92,94,93,90,90,85,122,111,101,125,110,109,159,99,83",
                        "endOffsets": "209,314,431,524,636,764,842,921,1012,1105,1201,1295,1396,1489,1584,1678,1769,1860,1946,2069,2181,2283,2409,2520,2630,2790,2890,2974"
                    }
                },
                {
                    "source": "/home/mad_titan/.gradle/caches/transforms-2/files-2.1/52578abddc7ad31f0967d589d0a2e12b/res/values-my/values-my.xml",
                    "from": {
                        "startLines": "2",
                        "startColumns": "4",
                        "startOffsets": "55",
                        "endColumns": "100",
                        "endOffsets": "151"
                    },
                    "to": {
                        "startLines": "30",
                        "startColumns": "4",
                        "startOffsets": "2979",
                        "endColumns": "100",
                        "endOffsets": "3075"
                    }
                }
            ]
        }
    ]
}