{
    "logs": [
        {
            "outputFile": "/home/mad_titan/AndroidStudioProjects/TextToSpeech2/app/build/intermediates/incremental/mergeDebugResources/merged.dir/values-xlarge-v4/values-xlarge-v4.xml",
            "map": [
                {
                    "source": "/home/mad_titan/.gradle/caches/transforms-2/files-2.1/f21c14963452d678dcd87c70dcfed88a/res/values-xlarge-v4/values-xlarge-v4.xml",
                    "from": {
                        "startLines": "2,3,4,5,6,7",
                        "startColumns": "4,4,4,4,4,4",
                        "startOffsets": "55,126,197,267,337,405",
                        "endColumns": "70,70,69,69,67,67",
                        "endOffsets": "121,192,262,332,400,468"
                    }
                }
            ]
        }
    ]
}